date,value
10/7/2014,45.53
10/8/2014,46.78
10/9/2014,45.85
10/10/2014,44.03
10/13/2014,43.65
10/14/2014,43.73
10/15/2014,43.22
10/16/2014,42.74
10/17/2014,43.63
10/20/2014,44.08
10/21/2014,44.88
10/22/2014,44.38
10/23/2014,45.02
10/24/2014,46.13
10/27/2014,45.91
10/28/2014,46.49
10/29/2014,46.62
10/30/2014,46.05
10/31/2014,46.95
11/3/2014,47.44
11/4/2014,47.57
11/5/2014,47.86
11/6/2014,48.7
11/7/2014,48.68
11/10/2014,48.89
11/11/2014,48.87
11/12/2014,48.78
11/13/2014,49.61
11/14/2014,49.58
11/17/2014,49.46
11/18/2014,48.74
11/19/2014,48.22
11/20/2014,48.7
11/21/2014,47.98
11/24/2014,47.59
11/25/2014,47.47
11/26/2014,47.75
11/28/2014,47.81
12/1/2014,48.62
12/2/2014,48.46
12/3/2014,48.08
12/4/2014,48.84
12/5/2014,48.42
12/8/2014,47.7
12/9/2014,47.59
12/10/2014,46.9
12/11/2014,47.17
12/12/2014,46.95
12/15/2014,46.67
12/16/2014,45.16
12/17/2014,45.74
12/18/2014,47.52
12/19/2014,47.66
12/22/2014,47.98
12/23/2014,48.45
12/24/2014,48.14
12/26/2014,47.88
12/29/2014,47.45
12/30/2014,47.02
12/31/2014,46.45
1/2/2015,46.76
1/5/2015,46.33
1/6/2015,45.65
1/7/2015,46.23
1/8/2015,47.59
1/9/2015,47.19
1/12/2015,46.6
1/13/2015,46.36
1/14/2015,45.96
1/15/2015,45.48
1/16/2015,46.24
1/20/2015,46.39
1/21/2015,45.92
1/22/2015,47.13
1/23/2015,47.18
1/26/2015,47.01
1/27/2015,42.66
1/28/2015,41.19
1/29/2015,42.01
1/30/2015,40.4
2/2/2015,41.28
2/3/2015,41.6
2/4/2015,41.84
2/5/2015,42.45
2/6/2015,42.41
2/9/2015,42.36
2/10/2015,42.6
2/11/2015,42.38
2/12/2015,43.09
2/13/2015,43.87
2/17/2015,43.58
2/18/2015,43.53
2/19/2015,43.5
2/20/2015,43.86
2/23/2015,44.15
2/24/2015,44.09
2/25/2015,43.99
2/26/2015,44.06
2/27/2015,43.85
3/2/2015,43.88
3/3/2015,43.28
3/4/2015,43.06
3/5/2015,43.11
3/6/2015,42.36
3/9/2015,42.85
3/10/2015,42.03
3/11/2015,41.98
3/12/2015,41.02
3/13/2015,41.38
3/16/2015,41.56
3/17/2015,41.7
3/18/2015,42.5
3/19/2015,42.29
3/20/2015,42.88
3/23/2015,42.86
3/24/2015,42.9
3/25/2015,41.46
3/26/2015,41.21
3/27/2015,40.97
3/30/2015,40.96
3/31/2015,40.66
4/1/2015,40.72
4/2/2015,40.29
4/6/2015,41.55
4/7/2015,41.53
4/8/2015,41.42
4/9/2015,41.48
4/10/2015,41.72
4/13/2015,41.76
4/14/2015,41.65
4/15/2015,42.26
4/16/2015,42.16
4/17/2015,41.62
4/20/2015,42.91
4/21/2015,42.64
4/22/2015,42.99
4/23/2015,43.34
4/24/2015,47.87
4/27/2015,48.03
4/28/2015,49.16
4/29/2015,49.06
4/30/2015,48.64
5/1/2015,48.66
5/4/2015,48.24
5/5/2015,47.6
5/6/2015,46.28
5/7/2015,46.7
5/8/2015,47.75
5/11/2015,47.37
5/12/2015,47.35
5/13/2015,47.63
5/14/2015,48.72
5/15/2015,48.3
5/18/2015,48.01
5/19/2015,47.58
5/20/2015,47.58
5/21/2015,47.42
5/22/2015,46.9
5/26/2015,46.59
5/27/2015,47.61
5/28/2015,47.45
5/29/2015,46.86
6/1/2015,47.23
6/2/2015,46.92
6/3/2015,46.85
6/4/2015,46.36
6/5/2015,46.14
6/8/2015,45.73
6/9/2015,45.65
6/10/2015,46.61
6/11/2015,46.44
6/12/2015,45.97
6/15/2015,45.48
6/16/2015,45.83
6/17/2015,45.97
6/18/2015,46.72
6/19/2015,46.1
6/22/2015,46.23
6/23/2015,45.91
6/24/2015,45.64
6/25/2015,45.65
6/26/2015,45.26
6/29/2015,44.37
6/30/2015,44.15
7/1/2015,44.45
7/2/2015,44.4
7/6/2015,44.39
7/7/2015,44.3
7/8/2015,44.24
7/9/2015,44.52
7/10/2015,44.61
7/13/2015,45.54
7/14/2015,45.62
7/15/2015,45.76
7/16/2015,46.66
7/17/2015,46.62
7/20/2015,46.92
7/21/2015,47.28
7/22/2015,45.54
7/23/2015,46.11
7/24/2015,45.94
7/27/2015,45.35
7/28/2015,45.34
7/29/2015,46.29
7/30/2015,46.88
7/31/2015,46.7
8/3/2015,46.81
8/4/2015,47.54
8/5/2015,47.58
8/6/2015,46.62
8/7/2015,46.74
8/10/2015,47.33
8/11/2015,46.41
8/12/2015,46.74
8/13/2015,46.73
8/14/2015,47
8/17/2015,47.32
8/18/2015,47.27
8/19/2015,46.61
8/20/2015,45.66
8/21/2015,43.07
8/24/2015,41.68
8/25/2015,40.47
8/26/2015,42.71
8/27/2015,43.9
8/28/2015,43.93
8/31/2015,43.52
9/1/2015,41.82
9/2/2015,43.36
9/3/2015,43.5
9/4/2015,42.61
9/8/2015,43.89
9/9/2015,43.07
9/10/2015,43.29
9/11/2015,43.48
9/14/2015,43.04
9/15/2015,43.98
9/16/2015,44.3
9/17/2015,44.25
9/18/2015,43.48
9/21/2015,44.11
9/22/2015,43.9
9/23/2015,43.87
9/24/2015,43.91
9/25/2015,43.94
9/28/2015,43.29
9/29/2015,43.44
9/30/2015,44.26
10/1/2015,44.61
10/2/2015,45.57
10/5/2015,46.63
10/6/2015,46.75
10/7/2015,46.8
10/8/2015,47.45
10/9/2015,47.11
10/12/2015,47
10/13/2015,46.89
10/14/2015,46.68
10/15/2015,47.01
10/16/2015,47.51
10/19/2015,47.62
10/20/2015,47.77
10/21/2015,47.2
10/22/2015,48.03
10/23/2015,52.87
10/26/2015,54.25
10/27/2015,53.69
10/28/2015,53.98
10/29/2015,53.36
10/30/2015,52.64
11/2/2015,53.24
11/3/2015,54.15
11/4/2015,54.4
11/5/2015,54.38
11/6/2015,54.92
11/9/2015,54.16
11/10/2015,53.51
11/11/2015,53.65
11/12/2015,53.32
11/13/2015,52.84
11/16/2015,53.77
11/17/2015,52.97
11/18/2015,53.85
11/19/2015,53.94
11/20/2015,54.19
11/23/2015,54.19
11/24/2015,54.25
11/25/2015,53.69
11/27/2015,53.93
11/30/2015,54.35
12/1/2015,55.22
12/2/2015,55.21
12/3/2015,54.2
12/4/2015,55.91
12/7/2015,55.81
12/8/2015,55.79
12/9/2015,54.98
12/10/2015,55.27
12/11/2015,54.06
12/14/2015,55.14
12/15/2015,55.2
12/16/2015,56.13
12/17/2015,55.7
12/18/2015,54.13
12/21/2015,54.83
12/22/2015,55.35
12/23/2015,55.82
12/24/2015,55.67
12/28/2015,55.95
12/29/2015,56.55
12/30/2015,56.31
12/31/2015,55.48
1/4/2016,54.8
1/5/2016,55.05
1/6/2016,54.05
1/7/2016,52.17
1/8/2016,52.33
1/11/2016,52.3
1/12/2016,52.78
1/13/2016,51.64
1/14/2016,53.11
1/15/2016,50.99
1/19/2016,50.56
1/20/2016,50.79
1/21/2016,50.48
1/22/2016,52.29
1/25/2016,51.79
1/26/2016,52.17
1/27/2016,51.22
1/28/2016,52.06
1/29/2016,55.09
2/1/2016,54.71
2/2/2016,53
2/3/2016,52.16
2/4/2016,52
2/5/2016,50.16
2/8/2016,49.41
2/9/2016,49.28
2/10/2016,49.71
2/11/2016,49.69
2/12/2016,50.5
2/16/2016,51.09
2/17/2016,52.42
2/18/2016,52.19
2/19/2016,51.82
2/22/2016,52.65
2/23/2016,51.18
2/24/2016,51.36
2/25/2016,52.1
2/26/2016,51.3
2/29/2016,50.88
3/1/2016,52.58
3/2/2016,52.95
3/3/2016,52.35
3/4/2016,52.03
3/7/2016,51.03
3/8/2016,51.65
3/9/2016,52.84
3/10/2016,52.05
3/11/2016,53.07
3/14/2016,53.17
3/15/2016,53.59
3/16/2016,54.35
3/17/2016,54.66
3/18/2016,53.49
3/21/2016,53.86
3/22/2016,54.07
3/23/2016,53.97
3/24/2016,54.21
3/28/2016,53.54
3/29/2016,54.71
3/30/2016,55.05
3/31/2016,55.23
4/1/2016,55.57
4/4/2016,55.43
4/5/2016,54.56
4/6/2016,55.12
4/7/2016,54.46
4/8/2016,54.42
4/11/2016,54.31
4/12/2016,54.65
4/13/2016,55.35
4/14/2016,55.36
4/15/2016,55.65
4/18/2016,56.46
4/19/2016,56.39
4/20/2016,55.59
4/21/2016,55.78
4/22/2016,51.78
4/25/2016,52.11
4/26/2016,51.44
4/27/2016,50.94
4/28/2016,49.9
4/29/2016,49.87
5/2/2016,50.61
5/3/2016,49.78
5/4/2016,49.87
5/5/2016,49.94
5/6/2016,50.39
5/9/2016,50.07
5/10/2016,51.02
5/11/2016,51.05
5/12/2016,51.51
5/13/2016,51.08
5/16/2016,51.83
5/17/2016,50.51
5/18/2016,50.81
5/19/2016,50.32
5/20/2016,50.62
5/23/2016,50.03
5/24/2016,51.59
5/25/2016,52.12
5/26/2016,51.89
5/27/2016,52.32
5/31/2016,53
6/1/2016,52.85
6/2/2016,52.48
6/3/2016,51.79
6/6/2016,52.13
6/7/2016,52.1
6/8/2016,52.04
6/9/2016,51.62
6/10/2016,51.48
6/13/2016,50.14
6/14/2016,49.83
6/15/2016,49.69
6/16/2016,50.39
6/17/2016,50.13
6/20/2016,50.07
6/21/2016,51.19
6/22/2016,50.99
6/23/2016,51.91
6/24/2016,49.83
6/27/2016,48.43
6/28/2016,49.44
6/29/2016,50.54
6/30/2016,51.17
7/1/2016,51.16
7/5/2016,51.17
7/6/2016,51.38
7/7/2016,51.38
7/8/2016,52.3
7/11/2016,52.59
7/12/2016,53.21
7/13/2016,53.51
7/14/2016,53.74
7/15/2016,53.7
7/18/2016,53.96
7/19/2016,53.09
7/20/2016,55.91
7/21/2016,55.8
7/22/2016,56.57
7/25/2016,56.73
7/26/2016,56.76
7/27/2016,56.19
7/28/2016,56.21
7/29/2016,56.68
8/1/2016,56.58
8/2/2016,56.58
8/3/2016,56.97
8/4/2016,57.39
8/5/2016,57.96
8/8/2016,58.06
8/9/2016,58.2
8/10/2016,58.02
8/11/2016,58.3
8/12/2016,57.94
8/15/2016,58.12
8/16/2016,57.44
8/17/2016,57.56
8/18/2016,57.6
8/19/2016,57.62
8/22/2016,57.67
8/23/2016,57.89
8/24/2016,57.95
8/25/2016,58.17
8/26/2016,58.03
8/29/2016,58.1
8/30/2016,57.89
8/31/2016,57.46
9/1/2016,57.59
9/2/2016,57.67
9/6/2016,57.61
9/7/2016,57.66
9/8/2016,57.43
9/9/2016,56.21
9/12/2016,57.05
9/13/2016,56.53
9/14/2016,56.26
9/15/2016,57.19
9/16/2016,57.25
9/19/2016,56.93
9/20/2016,56.81
9/21/2016,57.76
9/22/2016,57.82
9/23/2016,57.43
9/26/2016,56.9
9/27/2016,57.95
9/28/2016,58.03
9/29/2016,57.4
9/30/2016,57.6
10/3/2016,57.42
10/4/2016,57.24
10/5/2016,57.64
10/6/2016,57.74
10/7/2016,57.8
10/10/2016,58.04
10/11/2016,57.19
10/12/2016,57.11
10/13/2016,56.92
10/14/2016,57.42
10/17/2016,57.22
10/18/2016,57.66
10/19/2016,57.53
10/20/2016,57.25
10/21/2016,59.66
10/24/2016,61
10/25/2016,60.99
10/26/2016,60.63
10/27/2016,60.1
10/28/2016,59.87
10/31/2016,59.92
11/1/2016,59.8
11/2/2016,59.43
11/3/2016,59.21
11/4/2016,58.71
11/7/2016,60.42
11/8/2016,60.47
11/9/2016,60.17
11/10/2016,58.7
11/11/2016,59.02
11/14/2016,58.12
11/15/2016,58.87
11/16/2016,59.65
11/17/2016,60.64
11/18/2016,60.35
11/21/2016,60.86
11/22/2016,61.12
11/23/2016,60.4
11/25/2016,60.53
11/28/2016,60.61
11/29/2016,61.09
11/30/2016,60.26
12/1/2016,59.2
12/2/2016,59.25
12/5/2016,60.22
12/6/2016,59.95
12/7/2016,61.37
12/8/2016,61.01
12/9/2016,61.97
12/12/2016,62.17
12/13/2016,62.98
12/14/2016,62.68
12/15/2016,62.58
12/16/2016,62.3
12/19/2016,63.62
12/20/2016,63.54
12/21/2016,63.54
12/22/2016,63.55
12/23/2016,63.24
12/27/2016,63.28
12/28/2016,62.99
12/29/2016,62.9
12/30/2016,62.14
1/3/2017,62.58
1/4/2017,62.3
1/5/2017,62.3
1/6/2017,62.84
1/9/2017,62.64
1/10/2017,62.62
1/11/2017,63.19
1/12/2017,62.61
1/13/2017,62.7
1/17/2017,62.53
1/18/2017,62.5
1/19/2017,62.3
1/20/2017,62.74
1/23/2017,62.96
1/24/2017,63.52
1/25/2017,63.68
1/26/2017,64.27
1/27/2017,65.78
1/30/2017,65.13
1/31/2017,64.65
2/1/2017,63.58
2/2/2017,63.17
2/3/2017,63.68
2/6/2017,63.64
2/7/2017,63.43
2/8/2017,63.34
2/9/2017,64.06
2/10/2017,64
2/13/2017,64.72
2/14/2017,64.57
2/15/2017,64.53
2/16/2017,64.52
2/17/2017,64.62
2/21/2017,64.49
2/22/2017,64.36
2/23/2017,64.62
2/24/2017,64.62
2/27/2017,64.23
2/28/2017,63.98
3/1/2017,64.94
3/2/2017,64.01
3/3/2017,64.25
3/6/2017,64.27
3/7/2017,64.4
3/8/2017,64.99
3/9/2017,64.73
3/10/2017,64.93
3/13/2017,64.71
3/14/2017,64.41
3/15/2017,64.75
3/16/2017,64.64
3/17/2017,64.87
3/20/2017,64.93
3/21/2017,64.21
3/22/2017,65.03
3/23/2017,64.87
3/24/2017,64.98
3/27/2017,65.1
3/28/2017,65.29
3/29/2017,65.47
3/30/2017,65.71
3/31/2017,65.86
4/3/2017,65.55
4/4/2017,65.73
4/5/2017,65.56
4/6/2017,65.73
4/7/2017,65.68
4/10/2017,65.53
4/11/2017,65.48
4/12/2017,65.23
4/13/2017,64.95
4/17/2017,65.48
4/18/2017,65.39
4/19/2017,65.04
4/20/2017,65.5
4/21/2017,66.4
4/24/2017,67.53
4/25/2017,67.92
4/26/2017,67.83
4/27/2017,68.27
4/28/2017,68.46
5/1/2017,69.41
5/2/2017,69.3
5/3/2017,69.08
5/4/2017,68.81
5/5/2017,69
5/8/2017,68.94
5/9/2017,69.04
5/10/2017,69.31
5/11/2017,68.46
5/12/2017,68.38
5/15/2017,68.43
5/16/2017,69.41
5/17/2017,67.48
5/18/2017,67.71
5/19/2017,67.69
5/22/2017,68.45
5/23/2017,68.68
5/24/2017,68.77
5/25/2017,69.62
5/26/2017,69.96
5/30/2017,70.41
5/31/2017,69.84
6/1/2017,70.1
6/2/2017,71.76
6/5/2017,72.28
6/6/2017,72.52
6/7/2017,72.39
6/8/2017,71.95
6/9/2017,70.32
6/12/2017,69.78
6/13/2017,70.65
6/14/2017,70.27
6/15/2017,69.9
6/16/2017,70
6/19/2017,70.87
6/20/2017,69.91
6/21/2017,70.27
6/22/2017,70.26
6/23/2017,71.21
6/26/2017,70.53
6/27/2017,69.21
6/28/2017,69.8
6/29/2017,68.49
6/30/2017,68.93
7/3/2017,68.17
7/5/2017,69.08
7/6/2017,68.57
7/7/2017,69.46
7/10/2017,69.98
7/11/2017,69.99
7/12/2017,71.15
7/13/2017,71.77
7/14/2017,72.78
7/17/2017,73.35
7/18/2017,73.3
7/19/2017,73.86
7/20/2017,74.22
7/21/2017,73.79
7/24/2017,73.6
7/25/2017,74.19
7/26/2017,74.05
7/27/2017,73.16
7/28/2017,73.04
7/31/2017,72.7
8/1/2017,72.58
8/2/2017,72.26
8/3/2017,72.15
8/4/2017,72.68
8/7/2017,72.4
8/8/2017,72.79
8/9/2017,72.47
8/10/2017,71.41
8/11/2017,72.5
8/14/2017,73.59
8/15/2017,73.22
8/16/2017,73.65
8/17/2017,72.4
8/18/2017,72.49
8/21/2017,72.15
8/22/2017,73.16
8/23/2017,72.72
8/24/2017,72.69
8/25/2017,72.82
8/28/2017,72.83
8/29/2017,73.05
8/30/2017,74.01
8/31/2017,74.77
9/1/2017,73.94
9/5/2017,73.61
9/6/2017,73.4
9/7/2017,74.34
9/8/2017,73.98
9/11/2017,74.76
9/12/2017,74.68
9/13/2017,75.21
9/14/2017,74.77
9/15/2017,75.31
9/18/2017,75.16
9/19/2017,75.44
9/20/2017,74.94
9/21/2017,74.21
9/22/2017,74.41
9/25/2017,73.26
9/26/2017,73.26
9/27/2017,73.85
9/28/2017,73.87
9/29/2017,74.49
10/2/2017,74.61
10/3/2017,74.26
10/4/2017,74.69
10/5/2017,75.97
10/6/2017,76
10/9/2017,76.29
10/10/2017,76.29
10/11/2017,76.42
10/12/2017,77.12
10/13/2017,77.49
10/16/2017,77.65
10/17/2017,77.59
10/18/2017,77.61
10/19/2017,77.91
10/20/2017,78.81
10/23/2017,78.83
10/24/2017,78.86
10/25/2017,78.63
10/26/2017,78.76
10/27/2017,83.81
10/30/2017,83.89
10/31/2017,83.18
11/1/2017,83.18
11/2/2017,84.05
11/3/2017,84.14
11/6/2017,84.47
11/7/2017,84.27
11/8/2017,84.56
11/9/2017,84.09
11/10/2017,83.87
11/13/2017,83.93
11/14/2017,84.05
11/15/2017,82.98
11/16/2017,83.2
11/17/2017,82.4
11/20/2017,82.53
11/21/2017,83.72
11/22/2017,83.11
11/24/2017,83.26
11/27/2017,83.87
11/28/2017,84.88
11/29/2017,83.34
11/30/2017,84.17
12/1/2017,84.26
12/4/2017,81.08
12/5/2017,81.59
12/6/2017,82.78
12/7/2017,82.49
12/8/2017,84.16
12/11/2017,85.23
12/12/2017,85.58
12/13/2017,85.35
12/14/2017,84.69
12/15/2017,86.85
12/18/2017,86.38
12/19/2017,85.83
12/20/2017,85.52
12/21/2017,85.5
12/22/2017,85.51
12/26/2017,85.4
12/27/2017,85.71
12/28/2017,85.72
12/29/2017,85.54
1/2/2018,85.95
1/3/2018,86.35
1/4/2018,87.11
1/5/2018,88.19
1/8/2018,88.28
1/9/2018,88.22
1/10/2018,87.82
1/11/2018,88.08
1/12/2018,89.6
1/16/2018,88.35
1/17/2018,90.14
1/18/2018,90.1
1/19/2018,90
1/22/2018,91.61
1/23/2018,91.9
1/24/2018,91.82
1/25/2018,92.33
1/26/2018,94.06
1/29/2018,93.92
1/30/2018,92.74
1/31/2018,95.01
2/1/2018,94.26
2/2/2018,91.78
2/5/2018,88
2/6/2018,91.33
2/7/2018,89.61
2/8/2018,85.01
2/9/2018,88.18
2/12/2018,89.13
2/13/2018,89.83
2/14/2018,90.81
2/15/2018,92.66
2/16/2018,92
2/20/2018,92.72
2/21/2018,91.49
2/22/2018,91.73
2/23/2018,94.06
2/26/2018,95.42
2/27/2018,94.2
2/28/2018,93.77
3/1/2018,92.85
3/2/2018,93.05
3/5/2018,93.64
3/6/2018,93.32
3/7/2018,93.86
3/8/2018,94.43
3/9/2018,96.54
3/12/2018,96.77
3/13/2018,94.41
3/14/2018,93.85
3/15/2018,94.18
3/16/2018,94.6
3/19/2018,92.89
3/20/2018,93.13
3/21/2018,92.48
3/22/2018,89.79
3/23/2018,87.18
3/26/2018,93.78
3/27/2018,89.47
3/28/2018,89.39
3/29/2018,91.27
4/2/2018,88.52
4/3/2018,89.71
4/4/2018,92.33
4/5/2018,92.38
4/6/2018,90.23
4/9/2018,90.77
4/10/2018,92.88
4/11/2018,91.86
4/12/2018,93.58
4/13/2018,93.08
4/16/2018,94.17
4/17/2018,96.07
4/18/2018,96.44
4/19/2018,96.11
4/20/2018,95
4/23/2018,95.35
4/24/2018,93.12
4/25/2018,92.31
4/26/2018,94.26
4/27/2018,95.82
4/30/2018,93.52
5/1/2018,95
5/2/2018,93.51
5/3/2018,94.07
5/4/2018,95.16
5/7/2018,96.22
5/8/2018,95.81
5/9/2018,96.94
5/10/2018,97.91
5/11/2018,97.7
5/14/2018,98.03
5/15/2018,97.32
5/16/2018,97.15
5/17/2018,96.18
5/18/2018,96.36
5/21/2018,97.6
5/22/2018,97.5
5/23/2018,98.66
5/24/2018,98.31
5/25/2018,98.36
5/29/2018,98.01
5/30/2018,98.95
5/31/2018,98.84
6/1/2018,100.79
6/4/2018,101.67
6/5/2018,102.19
6/6/2018,102.49
6/7/2018,100.88
6/8/2018,101.63
6/11/2018,101.05
6/12/2018,101.31
6/13/2018,100.85
6/14/2018,101.42
6/15/2018,100.13
6/18/2018,100.86
6/19/2018,100.86
6/20/2018,101.87
6/21/2018,101.14
6/22/2018,100.41
6/25/2018,98.39
6/26/2018,99.08
6/27/2018,97.54
6/28/2018,98.63
6/29/2018,98.61
7/2/2018,100.01
7/3/2018,99.05
7/5/2018,99.76
7/6/2018,101.16
7/9/2018,101.85
7/10/2018,102.12
7/11/2018,101.98
7/12/2018,104.19
7/13/2018,105.43
7/16/2018,104.91
7/17/2018,105.95
7/18/2018,105.12
7/19/2018,104.4
7/20/2018,106.27
7/23/2018,107.97
7/24/2018,107.66
7/25/2018,110.83
7/26/2018,109.62
7/27/2018,107.68
7/30/2018,105.37
7/31/2018,106.08
8/1/2018,106.28
8/2/2018,107.57
8/3/2018,108.04
8/6/2018,108.13
8/7/2018,108.88
8/8/2018,109.49
8/9/2018,109.67
8/10/2018,109
8/13/2018,108.21
8/14/2018,109.56
8/15/2018,107.66
8/16/2018,107.64
8/17/2018,107.58
8/20/2018,106.87
8/21/2018,105.98
8/22/2018,107.06
8/23/2018,107.56
8/24/2018,108.4
8/27/2018,109.6
8/28/2018,110.26
8/29/2018,112.02
8/30/2018,111.95
8/31/2018,112.33
9/4/2018,111.71
9/5/2018,108.49
9/6/2018,108.74
9/7/2018,108.21
9/10/2018,109.38
9/11/2018,111.24
9/12/2018,111.71
9/13/2018,112.91
9/14/2018,113.37
9/17/2018,112.14
9/18/2018,113.21
9/19/2018,111.7
9/20/2018,113.57
9/21/2018,114.26
9/24/2018,114.67
9/25/2018,114.45
9/26/2018,113.98
9/27/2018,114.41
9/28/2018,114.37
10/1/2018,115.61
10/2/2018,115.15
10/3/2018,115.17
10/4/2018,112.79
10/5/2018,112.13
10/8/2018,110.85
10/9/2018,112.26
10/10/2018,106.16
10/11/2018,105.91
10/12/2018,109.57
10/15/2018,107.6
10/16/2018,111
10/17/2018,110.71
10/18/2018,108.5
10/19/2018,108.66
10/22/2018,109.63
10/23/2018,108.1
10/24/2018,102.32
10/25/2018,108.3
10/26/2018,106.96
10/29/2018,103.85
10/30/2018,103.73
10/31/2018,106.81
11/1/2018,105.92
11/2/2018,106.16
11/5/2018,107.51
11/6/2018,107.72
11/7/2018,111.96
11/8/2018,111.75
11/9/2018,109.57
11/12/2018,106.87
11/13/2018,106.94
11/14/2018,104.97
11/15/2018,107.28
11/16/2018,108.29
11/19/2018,104.62
11/20/2018,101.71
11/21/2018,103.11
11/23/2018,103.07
11/26/2018,106.47
11/27/2018,107.14
11/28/2018,111.12
11/29/2018,110.19
11/30/2018,110.89
12/3/2018,112.09
12/4/2018,108.52
12/6/2018,109.19
12/7/2018,104.82
12/10/2018,107.59
12/11/2018,108.59
12/12/2018,109.08
12/13/2018,109.45
12/14/2018,106.03
12/17/2018,102.89
12/18/2018,103.97
12/19/2018,103.69
12/20/2018,101.51
12/21/2018,98.23
12/24/2018,94.13
12/26/2018,100.56
12/27/2018,101.18
12/28/2018,100.39
12/31/2018,101.57
1/2/2019,101.12
1/3/2019,97.4
1/4/2019,101.93
1/7/2019,102.06
1/8/2019,102.8
1/9/2019,104.27
1/10/2019,103.6
1/11/2019,102.8
1/14/2019,102.05
1/15/2019,105.01
1/16/2019,105.38
1/17/2019,106.12
1/18/2019,107.71
1/22/2019,105.68
1/23/2019,106.71
1/24/2019,106.2
1/25/2019,107.17
1/28/2019,105.08
1/29/2019,102.94
1/30/2019,106.38
1/31/2019,104.43
2/1/2019,102.78
2/4/2019,105.74
2/5/2019,107.22
2/6/2019,106.03
2/7/2019,105.27
2/8/2019,105.67
2/11/2019,105.25
2/12/2019,106.89
2/13/2019,106.81
2/14/2019,106.9
2/15/2019,108.22
2/19/2019,108.17
2/20/2019,107.15
2/21/2019,109.41
2/22/2019,110.97
2/25/2019,111.59
2/26/2019,112.36
2/27/2019,112.17
2/28/2019,112.03
3/1/2019,112.53
3/4/2019,112.26
3/5/2019,111.7
3/6/2019,111.75
3/7/2019,110.39
3/8/2019,110.51
3/11/2019,112.83
3/12/2019,113.62
3/13/2019,114.5
3/14/2019,114.59
3/15/2019,115.91
3/18/2019,117.57
3/19/2019,117.65
3/20/2019,117.52
3/21/2019,120.22
3/22/2019,117.05
3/25/2019,117.66
3/26/2019,117.91
3/27/2019,116.77
3/28/2019,116.93
3/29/2019,117.94
4/1/2019,119.02
4/2/2019,119.19
4/3/2019,119.97
4/4/2019,119.36
4/5/2019,119.89
4/8/2019,119.93
4/9/2019,119.28
4/10/2019,120.19
4/11/2019,120.33
4/12/2019,120.95
4/15/2019,121.05
4/16/2019,120.77
4/17/2019,121.77
4/18/2019,123.37
4/22/2019,123.76
4/23/2019,125.44
4/24/2019,125.01
4/25/2019,129.15
4/26/2019,129.89
4/29/2019,129.77
4/30/2019,130.6
5/1/2019,127.88
5/2/2019,126.21
5/3/2019,128.9
5/6/2019,128.15
5/7/2019,125.52
5/8/2019,125.51
5/9/2019,125.5
5/10/2019,127.13
5/13/2019,123.35
5/14/2019,124.73
5/15/2019,126.02
5/16/2019,128.93
5/17/2019,128.07
5/20/2019,126.22
5/21/2019,126.9
5/22/2019,127.67
5/23/2019,126.18
5/24/2019,126.24
5/28/2019,126.16
5/29/2019,124.94
5/30/2019,125.73
5/31/2019,123.68
6/3/2019,119.84
6/4/2019,123.16
6/5/2019,125.83
6/6/2019,127.82
6/7/2019,131.4
6/10/2019,132.6
6/11/2019,132.1
6/12/2019,131.49
6/13/2019,132.32
6/14/2019,132.45
6/17/2019,132.85
6/18/2019,135.16
6/19/2019,135.69
6/20/2019,136.95
6/21/2019,136.97
6/24/2019,137.78
6/25/2019,133.43
6/26/2019,133.93
6/27/2019,134.15
6/28/2019,133.96
7/1/2019,135.68
7/2/2019,136.58
7/3/2019,137.46
7/5/2019,137.06
7/8/2019,136.96
7/9/2019,136.46
7/10/2019,137.85
7/11/2019,138.4
7/12/2019,138.9
7/15/2019,138.9
7/16/2019,137.08
7/17/2019,136.27
7/18/2019,136.42
7/19/2019,136.62
7/22/2019,138.43
7/23/2019,139.29
7/24/2019,140.72
7/25/2019,140.19
7/26/2019,141.34
7/29/2019,141.03
7/30/2019,140.35
7/31/2019,136.27
8/1/2019,138.06
8/2/2019,136.9
8/5/2019,132.21
8/6/2019,134.69
8/7/2019,135.28
8/8/2019,138.89
8/9/2019,137.71
8/12/2019,135.79
8/13/2019,138.6
8/14/2019,133.98
8/15/2019,133.68
8/16/2019,136.13
8/19/2019,138.41
8/20/2019,137.26
8/21/2019,138.79
8/22/2019,137.78
8/23/2019,133.39
8/26/2019,135.45
8/27/2019,135.74
8/28/2019,135.56
8/29/2019,138.12
8/30/2019,137.86
9/3/2019,136.04
9/4/2019,137.63
9/5/2019,140.05
9/6/2019,139.1
9/9/2019,137.52
9/10/2019,136.08
9/11/2019,136.12
9/12/2019,137.52
9/13/2019,137.32
9/16/2019,136.33
9/17/2019,137.39
9/18/2019,138.52
9/19/2019,141.07
9/20/2019,139.44
9/23/2019,139.14
9/24/2019,137.38
9/25/2019,139.36
9/26/2019,139.54
9/27/2019,137.73
9/30/2019,139.03
10/1/2019,137.07
10/2/2019,134.65
10/3/2019,136.28
10/4/2019,138.12
10/7/2019,137.12
10/8/2019,135.67
10/9/2019,138.24
10/10/2019,139.1
10/11/2019,139.68
10/14/2019,139.55
10/15/2019,141.58
10/16/2019,140.41
10/17/2019,139.69
10/18/2019,137.41
10/21/2019,138.43
10/22/2019,136.37
10/23/2019,137.24
10/24/2019,139.94
10/25/2019,140.73
10/28/2019,144.19
10/29/2019,142.83
10/30/2019,144.61
10/31/2019,143.37
11/1/2019,143.72
11/4/2019,144.55
11/5/2019,144.46
11/6/2019,144.06
11/7/2019,144.26
11/8/2019,145.96
11/11/2019,146.11
11/12/2019,147.07
11/13/2019,147.31
11/14/2019,148.06
11/15/2019,149.97
11/18/2019,150.34
11/19/2019,150.39
11/20/2019,149.62
11/21/2019,149.48
11/22/2019,149.59
11/25/2019,151.23
11/26/2019,152.03
11/27/2019,152.32
11/29/2019,151.38
12/2/2019,149.55
12/3/2019,149.31
12/4/2019,149.85
12/5/2019,149.93
12/6/2019,151.75
12/9/2019,151.36
12/10/2019,151.13
12/11/2019,151.7
12/12/2019,153.24
12/13/2019,154.53
12/16/2019,155.53
12/17/2019,154.69
12/18/2019,154.37
12/19/2019,155.71
12/20/2019,157.41
12/23/2019,157.41
12/24/2019,157.38
12/26/2019,158.67
12/27/2019,158.96
12/30/2019,157.59
12/31/2019,157.7
1/2/2020,160.62
1/3/2020,158.62
1/6/2020,159.03
1/7/2020,157.58
1/8/2020,160.09
1/9/2020,162.09
1/10/2020,161.34
1/13/2020,163.28
1/14/2020,162.13
1/15/2020,163.18
1/16/2020,166.17
1/17/2020,167.1
1/21/2020,166.5
1/22/2020,165.7
1/23/2020,166.72
1/24/2020,165.04
1/27/2020,162.28
1/28/2020,165.46
1/29/2020,168.04
1/30/2020,172.78
1/31/2020,170.23
2/3/2020,174.38
2/4/2020,180.12
2/5/2020,179.9
2/6/2020,183.63
2/7/2020,183.89
2/10/2020,188.7
2/11/2020,184.44
2/12/2020,184.71
2/13/2020,183.71
2/14/2020,185.35
2/18/2020,187.23
2/19/2020,187.28
2/20/2020,184.42
2/21/2020,178.59
2/24/2020,170.89
2/25/2020,168.07
2/26/2020,170.17
2/27/2020,158.18
2/28/2020,162.01
3/2/2020,172.79
3/3/2020,164.51
3/4/2020,170.55
3/5/2020,166.27
3/6/2020,161.57
3/9/2020,150.62
3/10/2020,160.92
3/11/2020,153.63
3/12/2020,139.06
3/13/2020,158.83
3/16/2020,135.42
3/17/2020,146.57
3/18/2020,140.4
3/19/2020,142.71
3/20/2020,137.35
3/23/2020,135.98
3/24/2020,148.34
3/25/2020,146.92
3/26/2020,156.11
3/27/2020,149.7
3/30/2020,160.23
3/31/2020,157.71
4/1/2020,152.11
4/2/2020,155.26
4/3/2020,153.83
4/6/2020,165.27
4/7/2020,163.49
4/8/2020,165.13
4/9/2020,165.14
4/13/2020,165.51
4/14/2020,173.7
4/15/2020,171.88
4/16/2020,177.04
4/17/2020,178.6
4/20/2020,175.06
4/21/2020,167.82
4/22/2020,173.52
4/23/2020,171.42
4/24/2020,174.55
4/27/2020,174.05
4/28/2020,169.81
4/29/2020,177.43
4/30/2020,179.21
5/1/2020,174.57
5/4/2020,178.84
5/5/2020,180.76
5/6/2020,182.54
5/7/2020,183.6
5/8/2020,184.68
5/11/2020,186.74
5/12/2020,182.51
5/13/2020,179.75
5/14/2020,180.53
5/15/2020,183.16
5/18/2020,184.91
5/19/2020,183.63
5/20/2020,185.66
5/21/2020,183.43
5/22/2020,183.51
5/26/2020,181.57
5/27/2020,181.81
5/28/2020,181.4
5/29/2020,183.25
6/1/2020,182.83
6/2/2020,184.91
6/3/2020,185.36
6/4/2020,182.92
6/5/2020,187.2
6/8/2020,188.36
6/9/2020,189.8
6/10/2020,196.84
6/11/2020,186.27
6/12/2020,187.74
6/15/2020,188.94
6/16/2020,193.57
6/17/2020,194.24
6/18/2020,196.32
6/19/2020,195.15
6/22/2020,200.57
6/23/2020,201.91
6/24/2020,197.84
6/25/2020,200.34
6/26/2020,196.33
6/29/2020,198.44
6/30/2020,203.51
7/1/2020,204.7
7/2/2020,206.26
7/6/2020,210.7
7/7/2020,208.25
7/8/2020,212.83
7/9/2020,214.32
7/10/2020,213.67
7/13/2020,207.07
7/14/2020,208.35
7/15/2020,208.04
7/16/2020,203.92
7/17/2020,202.88
7/20/2020,211.6
7/21/2020,208.75
7/22/2020,211.75
7/23/2020,202.54
7/24/2020,201.3
7/27/2020,203.85
7/28/2020,202.02
7/29/2020,204.06
7/30/2020,203.9
7/31/2020,205.01
8/3/2020,216.54
8/4/2020,213.29
8/5/2020,212.94
8/6/2020,216.35
8/7/2020,212.48
8/10/2020,208.25
8/11/2020,203.38
8/12/2020,209.19
8/13/2020,208.7
8/14/2020,208.9
8/17/2020,210.28
8/18/2020,211.49
8/19/2020,209.7
8/20/2020,214.58
8/21/2020,213.02
8/24/2020,213.69
8/25/2020,216.47
8/26/2020,221.15
8/27/2020,226.58
8/28/2020,228.91
8/31/2020,225.53
9/1/2020,227.27
9/2/2020,231.65
9/3/2020,217.3
9/4/2020,214.25
9/8/2020,202.66
9/9/2020,211.29
9/10/2020,205.37
9/11/2020,204.03
9/14/2020,205.41
9/15/2020,208.78
9/16/2020,205.05
9/17/2020,202.91
9/18/2020,200.39
9/21/2020,202.54
9/22/2020,207.42
9/23/2020,200.59
9/24/2020,203.19
9/25/2020,207.82
9/28/2020,209.44
9/29/2020,207.26
9/30/2020,210.33
10/1/2020,212.46
10/2/2020,206.19
10/5/2020,210.38
10/6/2020,205.91
10/7/2020,209.83
10/8/2020,210.58
10/9/2020,215.81
10/12/2020,221.4
10/13/2020,222.86
10/14/2020,220.86
10/15/2020,219.66
10/16/2020,219.66
10/19/2020,214.22
10/20/2020,214.65
10/21/2020,214.8
10/22/2020,214.89
10/23/2020,216.23
10/26/2020,210.08
10/27/2020,213.25
10/28/2020,202.68
10/29/2020,204.72
10/30/2020,202.47
11/2/2020,202.33
11/3/2020,206.43
11/4/2020,216.39
11/5/2020,223.29
11/6/2020,223.72
11/9/2020,218.39
11/10/2020,211.01
11/11/2020,216.55
11/12/2020,215.44
11/13/2020,216.51
11/16/2020,217.23
11/17/2020,214.46
11/18/2020,211.08
11/19/2020,212.42
11/20/2020,210.39
11/23/2020,210.11
11/24/2020,213.86
11/25/2020,213.87
11/27/2020,215.23
11/30/2020,214.07
12/1/2020,216.21
12/2/2020,215.37
12/3/2020,214.24
12/4/2020,214.36
12/7/2020,214.29
12/8/2020,216.01
12/9/2020,211.8
12/10/2020,210.52
12/11/2020,213.26
12/14/2020,214.2
12/15/2020,214.13
12/16/2020,219.28
12/17/2020,219.42
12/18/2020,218.59
12/21/2020,222.59
12/22/2020,223.94
12/23/2020,221.02
12/24/2020,222.75
12/28/2020,224.96
12/29/2020,224.15
12/30/2020,221.68
12/31/2020,222.42
1/4/2021,217.69
1/5/2021,217.9
1/6/2021,212.25
1/7/2021,218.29
1/8/2021,219.62
1/11/2021,217.49
1/12/2021,214.93
1/13/2021,216.34
1/14/2021,213.02
1/15/2021,212.65
1/19/2021,216.44
1/20/2021,224.34
1/21/2021,224.97
1/22/2021,225.95
1/25/2021,229.53
1/26/2021,232.33
1/27/2021,232.9
1/28/2021,238.93
1/29/2021,231.96
2/1/2021,239.65
2/2/2021,239.51
2/3/2021,243
2/4/2021,242.01
2/5/2021,242.2
2/8/2021,242.47
2/9/2021,243.77
2/10/2021,242.82
2/11/2021,244.49
2/12/2021,244.99
2/16/2021,243.7
2/17/2021,244.2
2/18/2021,243.79
2/19/2021,240.97
2/22/2021,234.51
2/23/2021,233.27
2/24/2021,234.55
2/25/2021,228.99
2/26/2021,232.38
3/1/2021,236.94
3/2/2021,233.87
3/3/2021,227.56
3/4/2021,226.73
3/5/2021,231.6
3/8/2021,227.39
3/9/2021,233.78
3/10/2021,232.42
3/11/2021,237.13
3/12/2021,235.75
3/15/2021,234.81
3/16/2021,237.71
3/17/2021,237.04
3/18/2021,230.72
3/19/2021,230.35
3/22/2021,235.99
3/23/2021,237.58
3/24/2021,235.46
3/25/2021,232.34
3/26/2021,236.48
3/29/2021,235.24
3/30/2021,231.85
3/31/2021,235.77
4/1/2021,242.35
4/5/2021,249.07
4/6/2021,247.86
4/7/2021,249.9
4/8/2021,253.25
4/9/2021,255.85
4/12/2021,255.91
4/13/2021,258.49
4/14/2021,255.59
4/15/2021,259.5
4/16/2021,260.74
4/19/2021,258.74
4/20/2021,258.26
4/21/2021,260.58
4/22/2021,257.17
4/23/2021,261.15
4/26/2021,261.55
4/27/2021,261.97
4/28/2021,254.56
4/29/2021,252.51
4/30/2021,252.18
5/3/2021,251.86
5/4/2021,247.79
5/5/2021,246.47
5/6/2021,249.73
5/7/2021,252.46
5/10/2021,247.18
5/11/2021,246.23
5/12/2021,239
5/13/2021,243.03
5/14/2021,248.15
5/17/2021,245.18
5/18/2021,243.08
5/19/2021,243.12
5/20/2021,246.48
5/21/2021,245.17
5/24/2021,250.78
5/25/2021,251.72
5/26/2021,251.49
5/27/2021,249.31
5/28/2021,249.68
6/1/2021,247.4
6/2/2021,247.3
6/3/2021,245.71
6/4/2021,250.79
6/7/2021,253.81
6/8/2021,252.57
6/9/2021,253.59
6/10/2021,257.24
6/11/2021,257.89
6/14/2021,259.89
6/15/2021,258.36
6/16/2021,257.38
6/17/2021,260.9
6/18/2021,259.43
6/21/2021,262.63
6/22/2021,265.51
6/23/2021,265.28
6/24/2021,266.69
6/25/2021,265.02
6/28/2021,268.72
6/29/2021,271.4
6/30/2021,270.9
7/1/2021,271.6
7/2/2021,277.65
7/6/2021,277.66
7/7/2021,279.93
7/8/2021,277.42
7/9/2021,277.94
7/12/2021,277.32
7/13/2021,280.98
7/14/2021,282.51
7/15/2021,281.03
7/16/2021,280.75
7/19/2021,277.01
7/20/2021,279.32
7/21/2021,281.4
7/22/2021,286.14
7/23/2021,289.67
7/26/2021,289.05
7/27/2021,286.54
7/28/2021,286.22
7/29/2021,286.5
7/30/2021,284.91
8/2/2021,284.82
8/3/2021,287.12
8/4/2021,286.51
8/5/2021,289.52
8/6/2021,289.46
8/9/2021,288.33
8/10/2021,286.44
8/11/2021,286.95
8/12/2021,289.81
8/13/2021,292.85
8/16/2021,294.6
8/17/2021,293.08
8/18/2021,290.73
8/19/2021,296.77
8/20/2021,304.36
8/23/2021,304.65
8/24/2021,302.62
8/25/2021,302.01
8/26/2021,299.09
8/27/2021,299.72
8/30/2021,303.59
8/31/2021,301.88
9/1/2021,301.83
9/2/2021,301.15
9/3/2021,301.14
9/7/2021,300.18
9/8/2021,300.21
9/9/2021,297.25
9/10/2021,295.71
9/13/2021,296.99
9/14/2021,299.79
9/15/2021,304.82
9/16/2021,305.22
9/17/2021,299.87
9/20/2021,294.3
9/21/2021,294.8
9/22/2021,298.58
9/23/2021,299.56
9/24/2021,299.35
9/27/2021,294.17
9/28/2021,283.52
9/29/2021,284
9/30/2021,281.92
10/1/2021,289.1
10/4/2021,283.11
10/5/2021,288.76
10/6/2021,293.11
10/7/2021,294.85
10/8/2021,294.85
10/11/2021,294.23
10/12/2021,292.88
10/13/2021,296.31
10/14/2021,302.75
10/15/2021,304.21
10/18/2021,307.29
10/19/2021,308.23
10/20/2021,307.41
10/21/2021,310.76
10/22/2021,309.16
10/25/2021,308.13
10/26/2021,310.11
10/27/2021,323.17
10/28/2021,324.35
10/29/2021,331.62
11/1/2021,329.37
11/2/2021,333.13
11/3/2021,334
11/4/2021,336.44
11/5/2021,336.06
11/8/2021,336.99
11/9/2021,335.95
11/10/2021,330.8
11/11/2021,332.43
11/12/2021,336.72
11/15/2021,336.07
11/16/2021,339.51
11/17/2021,339.12
11/18/2021,341.27
11/19/2021,343.11
11/22/2021,339.83
11/23/2021,337.68
11/24/2021,337.91
11/26/2021,329.68
11/29/2021,336.63
11/30/2021,330.59
12/1/2021,330.08
12/2/2021,329.49
12/3/2021,323.01
12/6/2021,326.19
12/7/2021,334.92
12/8/2021,334.97
12/9/2021,333.1
12/10/2021,342.54
12/13/2021,339.4
12/14/2021,328.34
12/15/2021,334.65
12/16/2021,324.9
12/17/2021,323.8
12/20/2021,319.91
12/21/2021,327.29
12/22/2021,333.2
12/23/2021,334.69
12/27/2021,342.45
12/28/2021,341.25
12/29/2021,341.95
12/30/2021,339.32
12/31/2021,336.32
1/3/2022,334.75
1/4/2022,329.01
1/5/2022,316.38
1/6/2022,313.88
1/7/2022,314.04
1/10/2022,314.27
1/11/2022,314.98
1/12/2022,318.27
1/13/2022,304.8
1/14/2022,310.2
1/18/2022,302.65
1/19/2022,303.33
1/20/2022,301.6
1/21/2022,296.03
1/24/2022,296.37
1/25/2022,288.49
1/26/2022,296.71
1/27/2022,299.84
1/28/2022,308.26
1/31/2022,310.98
2/1/2022,308.76
2/2/2022,313.46
2/3/2022,301.25
2/4/2022,305.94
2/7/2022,300.95
2/8/2022,304.56
2/9/2022,311.21
2/10/2022,302.38
2/11/2022,295.04
2/14/2022,295
2/15/2022,300.47
2/16/2022,299.5
2/17/2022,290.73
2/18/2022,287.93
2/22/2022,287.72
2/23/2022,280.27
2/24/2022,294.59
2/25/2022,297.31
2/28/2022,298.79
3/1/2022,294.95
3/2/2022,300.19
3/3/2022,295.92
3/4/2022,289.86
3/7/2022,278.91
3/8/2022,275.85
3/9/2022,288.5
3/10/2022,285.59
3/11/2022,280.07
3/14/2022,276.44
3/15/2022,287.15
3/16/2022,294.39
3/17/2022,295.22
3/18/2022,300.43
3/21/2022,299.16
3/22/2022,304.06
3/23/2022,299.49
3/24/2022,304.1
3/25/2022,303.68
3/28/2022,310.7
3/29/2022,315.41
3/30/2022,313.86
3/31/2022,308.31
4/1/2022,309.42
4/4/2022,314.97
4/5/2022,310.88
4/6/2022,299.5
4/7/2022,301.37
4/8/2022,296.97
4/11/2022,285.26
4/12/2022,282.06
4/13/2022,287.62
4/14/2022,279.83
4/18/2022,280.52
4/19/2022,285.3
4/20/2022,286.36
4/21/2022,280.81
4/22/2022,274.03
4/25/2022,280.72
4/26/2022,270.22
4/27/2022,283.22
4/28/2022,289.63
4/29/2022,277.52
5/2/2022,284.47
5/3/2022,281.78
5/4/2022,289.98
5/5/2022,277.35
5/6/2022,274.73
5/9/2022,264.58
5/10/2022,269.5
5/11/2022,260.55
5/12/2022,255.35
5/13/2022,261.12
5/16/2022,261.5
5/17/2022,266.82
5/18/2022,254.08
5/19/2022,253.14
5/20/2022,252.56
5/23/2022,260.65
5/24/2022,259.62
5/25/2022,262.52
5/26/2022,265.9
5/27/2022,273.24
5/31/2022,271.87
6/1/2022,272.42
6/2/2022,274.58
6/3/2022,270.02
6/6/2022,268.75
6/7/2022,272.5
6/8/2022,270.41
6/9/2022,264.79
6/10/2022,252.99
6/13/2022,242.26
6/14/2022,244.49
6/15/2022,251.76
6/16/2022,244.97
6/17/2022,247.65
6/21/2022,253.74
6/22/2022,253.13
6/23/2022,258.86
6/24/2022,267.7
6/27/2022,264.89
6/28/2022,256.48
6/29/2022,260.26
6/30/2022,256.83
7/1/2022,259.58
7/5/2022,262.85
7/6/2022,266.21
7/7/2022,268.4
7/8/2022,267.66
7/11/2022,264.51
7/12/2022,253.67
7/13/2022,252.72
7/14/2022,254.08
7/15/2022,256.72
7/18/2022,254.25
7/19/2022,259.53
7/20/2022,262.27
7/21/2022,264.84
7/22/2022,260.36
7/25/2022,258.83
7/26/2022,251.9
7/27/2022,268.74
7/28/2022,276.41
7/29/2022,280.74
8/1/2022,278.01
8/2/2022,274.82
8/3/2022,282.47
8/4/2022,283.65
8/5/2022,282.91
8/8/2022,280.32
8/9/2022,282.3
8/10/2022,289.16
8/11/2022,287.02
8/12/2022,291.91
8/15/2022,293.47
8/16/2022,292.71
8/17/2022,291.32
8/18/2022,290.17
8/19/2022,286.15
8/22/2022,277.75
8/23/2022,276.44
8/24/2022,275.79
8/25/2022,278.85
8/26/2022,268.09
8/29/2022,265.23
8/30/2022,262.97
8/31/2022,261.47
9/1/2022,260.4
9/2/2022,256.06
9/6/2022,253.25
9/7/2022,258.09
9/8/2022,258.52
9/9/2022,264.46
9/12/2022,266.65
9/13/2022,251.99
9/14/2022,252.22
9/15/2022,245.38
9/16/2022,244.74
9/19/2022,244.52
9/20/2022,242.45
9/21/2022,238.95
9/22/2022,240.98
9/23/2022,237.92
9/26/2022,237.45
9/27/2022,236.41
9/28/2022,241.07
9/29/2022,237.5
9/30/2022,232.9
10/3/2022,240.74
10/4/2022,248.88
10/5/2022,249.2
10/6/2022,246.79
10/7/2022,234.24
10/10/2022,229.25
10/11/2022,225.41
10/12/2022,225.75
10/13/2022,234.24
10/14/2022,228.56
10/17/2022,237.53
10/18/2022,238.5
10/19/2022,236.48
10/20/2022,236.15
10/21/2022,242.12
10/24/2022,247.25
10/25/2022,250.66
10/26/2022,231.32
10/27/2022,226.75
10/28/2022,235.87
10/31/2022,232.13
11/1/2022,228.17
11/2/2022,220.1
11/3/2022,214.25
11/4/2022,221.39
11/7/2022,227.87
11/8/2022,228.87
11/9/2022,224.51
11/10/2022,242.98
11/11/2022,247.11
11/14/2022,241.55
11/15/2022,241.97
11/16/2022,241.73
11/17/2022,241.68
11/18/2022,241.22
11/21/2022,242.05
11/22/2022,245.03
11/23/2022,247.58
11/25/2022,247.49
11/28/2022,241.76
11/29/2022,240.33
11/30/2022,255.14
12/1/2022,254.69
12/2/2022,255.02
12/5/2022,250.2
12/6/2022,245.12
12/7/2022,244.37
12/8/2022,247.4
12/9/2022,245.42
12/12/2022,252.51
12/13/2022,256.92
12/14/2022,257.22
12/15/2022,249.01
12/16/2022,244.69
12/19/2022,240.45
12/20/2022,241.8
12/21/2022,244.43
12/22/2022,238.19
12/23/2022,238.73
12/27/2022,236.96
12/28/2022,234.53
12/29/2022,241.01
12/30/2022,239.82
1/3/2023,239.58
1/4/2023,229.1
1/5/2023,222.31
1/6/2023,224.93
1/9/2023,227.12
1/10/2023,228.85
1/11/2023,235.77
1/12/2023,238.51
1/13/2023,239.23
1/17/2023,240.35
1/18/2023,235.81
1/19/2023,231.93
1/20/2023,240.22
1/23/2023,242.58
1/24/2023,242.04
1/25/2023,240.61
1/26/2023,248
1/27/2023,248.16
1/30/2023,242.71
1/31/2023,247.81
2/1/2023,252.75
2/2/2023,264.6
2/3/2023,258.35
2/6/2023,256.77
2/7/2023,267.56
2/8/2023,266.73
2/9/2023,263.62
2/10/2023,263.1
2/13/2023,271.32
2/14/2023,272.17
2/15/2023,269.32
2/16/2023,262.15
2/17/2023,258.06
2/21/2023,252.67
2/22/2023,251.51
2/23/2023,254.77
2/24/2023,249.22
2/27/2023,250.16
2/28/2023,249.42
3/1/2023,246.27
3/2/2023,251.11
3/3/2023,255.29
3/6/2023,256.87
3/7/2023,254.15
3/8/2023,253.7
3/9/2023,252.32
3/10/2023,248.59
3/13/2023,253.92
3/14/2023,260.79
3/15/2023,265.44
3/16/2023,276.2
3/17/2023,279.43
3/20/2023,272.23
3/21/2023,273.78
3/22/2023,272.29
3/23/2023,277.66
3/24/2023,280.57
3/27/2023,276.38
3/28/2023,275.23
3/29/2023,280.51
3/30/2023,284.05
3/31/2023,288.3
4/3/2023,287.23
4/4/2023,287.18
4/5/2023,284.34
4/6/2023,291.6
4/10/2023,289.39
4/11/2023,282.83
4/12/2023,283.49
4/13/2023,289.84
4/14/2023,286.14
4/17/2023,288.8
4/18/2023,288.37
4/19/2023,288.45
4/20/2023,286.11
4/21/2023,285.76
4/24/2023,281.77
4/25/2023,275.42
4/26/2023,295.37
4/27/2023,304.83
4/28/2023,307.26
5/1/2023,305.56
5/2/2023,305.41
5/3/2023,304.4
5/4/2023,305.41
5/5/2023,310.65
5/8/2023,308.65
5/9/2023,307
5/10/2023,312.31
5/11/2023,310.11
5/12/2023,308.97
5/15/2023,309.46
5/16/2023,311.74
5/17/2023,314
5/18/2023,318.52
5/19/2023,318.34
5/22/2023,321.18
5/23/2023,315.26
5/24/2023,313.85
5/25/2023,325.92
5/26/2023,332.89
5/30/2023,331.21
5/31/2023,328.39
6/1/2023,332.58
6/2/2023,335.4
6/5/2023,335.94
6/6/2023,333.68
6/7/2023,323.38
6/8/2023,325.26
6/9/2023,326.79
6/12/2023,331.85
6/13/2023,334.29
6/14/2023,337.34
6/15/2023,348.1
6/16/2023,342.33
6/20/2023,338.05
6/21/2023,333.56
6/22/2023,339.71
6/23/2023,335.02
6/26/2023,328.6
6/27/2023,334.57
6/28/2023,335.85
6/29/2023,335.05
6/30/2023,340.54
7/3/2023,337.99
7/5/2023,338.15
7/6/2023,341.27
7/7/2023,337.22
7/10/2023,331.83
7/11/2023,332.47
7/12/2023,337.2
7/13/2023,342.66
7/14/2023,345.24
7/17/2023,345.73
7/18/2023,359.49
7/19/2023,355.08
7/20/2023,346.87
7/21/2023,343.77
7/24/2023,345.11
7/25/2023,350.98
7/26/2023,337.77
7/27/2023,330.72
7/28/2023,338.37
7/31/2023,335.92
8/1/2023,336.34
8/2/2023,327.5
8/3/2023,326.66
8/4/2023,327.78
8/7/2023,330.11
8/8/2023,326.05
8/9/2023,322.23
8/10/2023,322.93
8/11/2023,321.01
8/14/2023,324.04
8/15/2023,321.86
8/16/2023,320.4
8/17/2023,316.88
8/18/2023,316.48
8/21/2023,321.88
8/22/2023,322.46
8/23/2023,327
8/24/2023,319.97
8/25/2023,322.98
8/28/2023,323.7
8/29/2023,328.41
8/30/2023,328.79
8/31/2023,327.76
9/1/2023,328.66
9/5/2023,333.55
9/6/2023,332.88
9/7/2023,329.91
9/8/2023,334.27
9/11/2023,337.94
9/12/2023,331.77
9/13/2023,336.06
9/14/2023,338.7
9/15/2023,330.22
9/18/2023,329.06
9/19/2023,328.65
9/20/2023,320.77
9/21/2023,319.53
9/22/2023,317.01
9/25/2023,317.54
9/26/2023,312.14
9/27/2023,312.79
9/28/2023,313.64
9/29/2023,315.75
10/2/2023,321.8
10/3/2023,313.39
10/4/2023,318.96
10/5/2023,319.36
10/6/2023,327.26
10/9/2023,329.82
10/10/2023,328.39
10/11/2023,332.42
10/12/2023,331.16
10/13/2023,327.73
10/16/2023,332.64
10/17/2023,332.06
10/18/2023,330.11
10/19/2023,331.32
10/20/2023,326.67
10/23/2023,329.32
10/24/2023,330.53
10/25/2023,340.67
10/26/2023,327.89
10/27/2023,329.81
10/30/2023,337.31
10/31/2023,338.11
11/1/2023,346.07
11/2/2023,348.32
11/3/2023,352.8
11/6/2023,356.53
11/7/2023,360.53
11/8/2023,363.2
11/9/2023,360.69
11/10/2023,369.67
11/13/2023,366.68
11/14/2023,370.27
11/15/2023,369.67
11/16/2023,376.17
11/17/2023,369.85
11/20/2023,377.44
11/21/2023,373.07
11/22/2023,377.85
11/24/2023,377.43
11/27/2023,378.61
11/28/2023,382.7
11/29/2023,378.85
11/30/2023,378.91
12/1/2023,374.51
12/4/2023,369.14
12/5/2023,372.52
12/6/2023,368.8
12/7/2023,370.95
12/8/2023,374.23
12/11/2023,371.3
12/12/2023,374.38
12/13/2023,374.37
12/14/2023,365.93
12/15/2023,370.73
12/18/2023,372.65
12/19/2023,373.26
12/20/2023,370.62
12/21/2023,373.54
12/22/2023,374.58
12/26/2023,374.66
12/27/2023,374.07
12/28/2023,375.28
12/29/2023,376.04
1/2/2024,370.87
1/3/2024,370.6
1/4/2024,367.94
1/5/2024,367.75
1/8/2024,374.69
1/9/2024,375.79
1/10/2024,382.77
1/11/2024,384.63
1/12/2024,388.47
1/16/2024,390.27
1/17/2024,389.47
1/18/2024,393.87
1/19/2024,398.67
1/22/2024,396.51
1/23/2024,398.9
1/24/2024,402.56
1/25/2024,404.87
1/26/2024,403.93
1/29/2024,409.72
1/30/2024,408.59
1/31/2024,397.58
2/1/2024,403.78
2/2/2024,411.22
2/5/2024,405.65
2/6/2024,405.49
2/7/2024,414.05
2/8/2024,414.11
2/9/2024,420.55
2/12/2024,415.26
2/13/2024,406.32
2/14/2024,409.49
2/15/2024,406.56
2/16/2024,404.06
2/20/2024,402.79
2/21/2024,402.18
2/22/2024,411.65
2/23/2024,410.34
2/26/2024,407.54
2/27/2024,407.48
2/28/2024,407.72
2/29/2024,413.64
3/1/2024,415.5
3/4/2024,414.92
3/5/2024,402.65
3/6/2024,402.09
3/7/2024,409.14
3/8/2024,406.22
3/11/2024,404.52
3/12/2024,415.28
3/13/2024,415.1
3/14/2024,425.22
3/15/2024,416.42
3/18/2024,417.32
3/19/2024,421.41
3/20/2024,425.23
3/21/2024,429.37
3/22/2024,428.74
3/25/2024,422.86
3/26/2024,421.65
3/27/2024,421.43
3/28/2024,420.72
4/1/2024,424.57
4/2/2024,421.44
4/3/2024,420.45
4/4/2024,417.88
4/5/2024,425.52
4/8/2024,424.59
4/9/2024,426.28
4/10/2024,423.26
4/11/2024,427.93
4/12/2024,421.9
4/15/2024,413.64
4/16/2024,414.58
4/17/2024,411.84
4/18/2024,404.27
4/19/2024,399.12
4/22/2024,400.96
4/23/2024,407.57
4/24/2024,409.06
4/25/2024,399.04
4/26/2024,406.32
4/29/2024,402.25
4/30/2024,389.33
5/1/2024,394.94
5/2/2024,397.84
5/3/2024,406.66
5/6/2024,413.54
5/7/2024,409.34
5/8/2024,410.54
5/9/2024,412.32
5/10/2024,414.74
5/13/2024,413.72
5/14/2024,416.56
5/15/2024,423.08
5/16/2024,420.99
5/17/2024,420.21
5/20/2024,425.34
5/21/2024,429.04
5/22/2024,430.52
5/23/2024,427
5/24/2024,430.16
5/28/2024,430.32
5/29/2024,429.17
5/30/2024,414.67
5/31/2024,415.13
6/3/2024,413.52
6/4/2024,416.07
6/5/2024,424.01
6/6/2024,424.52
6/7/2024,423.85
6/10/2024,427.87
6/11/2024,432.68
6/12/2024,441.06
6/13/2024,441.58
6/14/2024,442.57
6/17/2024,448.37
6/18/2024,446.34
6/20/2024,445.7
6/21/2024,449.78
6/24/2024,447.67
6/25/2024,450.95
6/26/2024,452.16
6/27/2024,452.85
6/28/2024,446.95
7/1/2024,456.73
7/2/2024,459.28
7/3/2024,460.77
7/5/2024,467.56
7/8/2024,466.24
7/9/2024,459.54
7/10/2024,466.25
7/11/2024,454.7
7/12/2024,453.55
7/15/2024,453.96
7/16/2024,449.52
7/17/2024,443.52
7/18/2024,440.37
7/19/2024,437.11
7/22/2024,442.94
7/23/2024,444.85
7/24/2024,428.9
7/25/2024,418.4
7/26/2024,425.27
7/29/2024,426.73
7/30/2024,422.92
7/31/2024,418.35
8/1/2024,417.11
8/2/2024,408.49
8/5/2024,395.15
8/6/2024,399.61
8/7/2024,398.43
8/8/2024,402.69
8/9/2024,406.02
8/12/2024,406.81
8/13/2024,414.01
8/14/2024,416.86
8/15/2024,421.03
8/16/2024,418.47
8/19/2024,421.53
8/20/2024,424.8
8/21/2024,424.14
8/22/2024,415.55
8/23/2024,416.79
8/26/2024,413.49
8/27/2024,413.84
8/28/2024,410.6
8/29/2024,413.12
8/30/2024,417.14
9/3/2024,409.44
9/4/2024,408.9
9/5/2024,408.39
9/6/2024,401.7
9/9/2024,405.72
9/10/2024,414.2
9/11/2024,423.04
9/12/2024,427
9/13/2024,430.59
9/16/2024,431.34
9/17/2024,435.15
9/18/2024,430.81
9/19/2024,438.69
9/20/2024,435.27
9/23/2024,433.51
9/24/2024,429.17
9/25/2024,432.11
9/26/2024,431.31
9/27/2024,428.02
9/30/2024,430.3
10/1/2024,420.69
10/2/2024,417.13
10/3/2024,416.54
10/4/2024,416.06
